episode,reward,completed,false_reports,lies_detected,total_reports,lying_rate
1,-230.0,54,77,41,131,0.5877862595419847
2,-1090.0,49,60,33,109,0.5504587155963303
3,-20.0,52,71,37,123,0.5772357723577236
4,480.0,57,67,30,124,0.5403225806451613
5,-1350.0,46,65,39,111,0.5855855855855856
6,570.0,50,72,37,122,0.5901639344262295
7,1250.0,56,71,32,127,0.5590551181102362
8,-550.0,39,63,39,102,0.6176470588235294
9,-340.0,48,62,33,110,0.5636363636363636
10,-1070.0,52,66,36,118,0.559322033898305
