episode,reward,completed,false_reports,lies_detected,total_reports,lying_rate
1,6880.0,57,68,17,125,0.544
2,4540.0,51,52,14,103,0.5048543689320388
3,5250.0,53,63,20,116,0.5431034482758621
4,5580.0,55,68,22,123,0.5528455284552846
5,5980.0,53,64,19,117,0.5470085470085471
6,6570.0,55,60,13,115,0.5217391304347826
7,5670.0,58,62,15,120,0.5166666666666667
8,5230.0,44,47,12,91,0.5164835164835165
9,5810.0,38,44,11,82,0.5365853658536586
10,4440.0,48,58,21,106,0.5471698113207547
