episode,reward,completed,false_reports,lies_detected,total_reports,lying_rate
1,-5360.0,46,79,47,125,0.632
2,-9260.0,51,84,56,135,0.6222222222222222
3,-13350.0,54,117,82,171,0.6842105263157895
4,-15840.0,49,117,89,166,0.7048192771084337
5,-8530.0,40,74,53,114,0.6491228070175439
6,-17330.0,53,128,97,181,0.7071823204419889
7,-5710.0,38,68,45,106,0.6415094339622641
8,-12120.0,56,107,73,163,0.656441717791411
9,-7350.0,51,77,48,128,0.6015625
10,-6520.0,45,74,47,119,0.6218487394957983
