episode,reward,completed,false_reports,lies_detected,total_reports,lying_rate
1,2360.0,47,62,27,109,0.5688073394495413
2,-100.0,53,74,39,127,0.5826771653543307
3,2750.0,45,58,24,103,0.5631067961165048
4,1580.0,50,68,32,118,0.576271186440678
5,1900.0,56,76,34,132,0.5757575757575758
6,890.0,53,68,32,121,0.5619834710743802
7,2900.0,36,51,23,87,0.5862068965517241
8,1930.0,47,62,28,109,0.5688073394495413
9,1560.0,45,69,35,114,0.6052631578947368
10,1390.0,49,67,32,116,0.5775862068965517
