episode,reward,completed,false_reports,lies_detected,total_reports,lying_rate
1,6980.0,50,61,15,111,0.5495495495495496
2,4350.0,47,51,16,98,0.5204081632653061
3,4850.0,55,62,19,117,0.5299145299145299
4,6490.0,59,64,14,123,0.5203252032520326
5,6240.0,56,64,16,120,0.5333333333333333
6,5330.0,46,50,13,96,0.5208333333333334
7,4250.0,55,61,20,116,0.5258620689655172
8,3970.0,51,68,29,119,0.5714285714285714
9,3970.0,65,84,34,149,0.5637583892617449
10,4740.0,55,63,20,118,0.5338983050847458
