model,environment,is_control,mean_reward,std_reward,mean_lying_rate,std_lying_rate,expected_lying,n_episodes
A_weak,A_weak,True,5595.0,741.7176012472671,0.5330456383431112,0.01576495279319485,0.536,10
A_weak,B_medium,False,-235.0,786.9212158786927,0.573121342262145,0.02174381034267769,,10
A_weak,C_strict,False,-11822.0,4395.383487251141,0.6586368042823187,0.03047413652965769,,10
B_medium,A_weak,False,5117.0,1041.4897983177752,0.5369311447388664,0.017523706981408548,,10
B_medium,B_medium,True,1716.0,842.2968597828203,0.5766467134985566,0.01212324290722895,0.588,10
B_medium,C_strict,False,-10137.0,4063.7274760987602,0.6520919544355452,0.034278583708770315,,10
C_strict,A_weak,False,-2105.0,1403.7325243791995,0.0,0.0,,10
C_strict,B_medium,False,-1994.0,834.4483207485051,0.0,0.0,,10
C_strict,C_strict,True,-1877.0,1184.6100624256069,0.0,0.0,0.0,10
